{
    "Random_Forest": {
        "accuracy": 0.995879732739421,
        "precision": 0.9958875709151335,
        "recall": 0.995879732739421,
        "f1": 0.9958800765029734,
        "roc_auc": 0.9997855615840885
    },
    "Logistic_Regression": {
        "accuracy": 0.9853006681514477,
        "precision": 0.9853268795490306,
        "recall": 0.9853006681514477,
        "f1": 0.985302760895588,
        "roc_auc": 0.9988328664799253
    },
    "Linear_SVM": {
        "accuracy": 0.9928730512249443,
        "precision": 0.9928730512249443,
        "recall": 0.9928730512249443,
        "f1": 0.9928730512249443,
        "roc_auc": 0.999489453646308
    }
}